<!DOCTYPE hibernate-configuration PUBLIC
"-//Hibernate/Hibernate Configuration DTD 3.0//EN"
"http://www.hibernate.org/dtd/hibernate-configuration-3.0.dtd">
<hibernate-configuration>
	<session-factory>
		<!-- Database connection settings -->
		<property name="connection.driver_class">com.mysql.cj.jdbc.Driver</property>
		<property name="connection.url">jdbc:mysql://localhost:3306/DB_2</property>
		<property name="connection.username">root</property>
		<property name="connection.password">root123</property>
		<property name="hbm2ddl.auto">update</property>
		<property name="show_sql">true</property>
		<mapping class="com.railway.User"/>
		<mapping class="com.railway.Crossing"/>
				<mapping class="com.railway.Favorite"/>
		
</session-factory>
</hibernate-configuration>